sampleID,groupID
Serum_A/WELLINGTON/25/93_TableS1,TableS1
Serum_A/WELLINGTON/96/93_TableS1,TableS1
Serum_A/VICTORIA/9/94_TableS1,TableS1
Serum_A/JOHANNESBURG/33/94_TableS1,TableS1
Serum_A/SHANDONG/9/93_TableS1,TableS1
Serum_A/WELLINGTON/1/94_repeat_TableS1,TableS1
Serum_A/WELLINGTON/1/94_TableS1,TableS1
Serum_A/NANCHANG/933/95_TableS1,TableS1
Serum_A/TASMANIA/1/97_TableS1,TableS1
Serum_A/CANBERRA/1/96_TableS1,TableS1
Serum_A/WUHAN/359/95_TableS1,TableS1
Serum_A/BANGKOK/1/97_TableS1,TableS1
Serum_A/SYDNEY/5/97_TableS1,TableS1
Serum_A/PANAMA/2007/99_TableS1,TableS1
Serum_A/VICTORIA/507/98_TableS1,TableS1
Serum_A/VICTORIA/577/99_TableS1,TableS1
Serum_A/WYOMING/3/2003_TableS1,TableS1
Serum_A/WELLINGTON/1/2004_TableS1,TableS1
Serum_A/FUKUOKA/55/2002_TableS1,TableS1
Serum_A/VICTORIA/110/2004_TableS1,TableS1
Serum_A/NEW_YORK/55/2004_TableS1,TableS1
Serum_A/SINGAPORE/37/2004_TableS1,TableS1
Serum_A/VICTORIA/523/2004_TableS1,TableS1
Serum_A/BRISBANE/3/2005_TableS1,TableS1
Serum_A/BRISBANE/10/2007_TableS1,TableS1
Serum_A/VICTORIA/500/2009_TableS1,TableS1
Serum_A/URUGUAY/716/2007_TableS1,TableS1
Serum_A/PERTH/27/2007_TableS1,TableS1
Serum_A/VICTORIA/208/2009_TableS1,TableS1
Serum_A/VICTORIA/8/2010_TableS1,TableS1
Serum_A/PERTH/16/2009_TableS1,TableS1
Serum_A/TOWNSVILLE/87/2010_TableS1,TableS1
Serum_A/BEIJING/337/89_TableS1,TableS1
Serum_A/BEIJING/353/89_TableS1,TableS1
Serum_A/HONGKONG/34/90_TableS1,TableS1
Subject1Year2007_TableS3,TableS3
Subject1Year2008_TableS3,TableS3
Subject1Year2009_TableS3,TableS3
Subject1Year2010_TableS3,TableS3
Subject1Year2011_TableS3,TableS3
Subject1Year2012_TableS3,TableS3
Subject2Year2007_TableS3,TableS3
Subject2Year2008_TableS3,TableS3
Subject2Year2009_TableS3,TableS3
Subject2Year2010_TableS3,TableS3
Subject2Year2011_TableS3,TableS3
Subject2Year2012_TableS3,TableS3
Subject3Year2007_TableS3,TableS3
Subject3Year2008_TableS3,TableS3
Subject3Year2009_TableS3,TableS3
Subject3Year2010_TableS3,TableS3
Subject3Year2011_TableS3,TableS3
Subject3Year2012_TableS3,TableS3
Subject4Year2007_TableS3,TableS3
Subject4Year2009_TableS3,TableS3
Subject4Year2010_TableS3,TableS3
Subject4Year2011_TableS3,TableS3
Subject4Year2012_TableS3,TableS3
Subject5Year2007_TableS3,TableS3
Subject5Year2008_TableS3,TableS3
Subject5Year2011_TableS3,TableS3
Subject5Year2012_TableS3,TableS3
Subject6Year2011_TableS3,TableS3
Subject6Year2012_TableS3,TableS3
Subject7Year2007_TableS3,TableS3
Subject7Year2008_TableS3,TableS3
Subject7Year2009_TableS3,TableS3
Subject7Year2010_TableS3,TableS3
Subject7Year2011_TableS3,TableS3
Subject7Year2012_TableS3,TableS3
Subject8Year2007_TableS3,TableS3
Subject8Year2008_TableS3,TableS3
Subject8Year2009_TableS3,TableS3
Subject8Year2010_TableS3,TableS3
Subject8Year2012_TableS3,TableS3
Subject9Year2007_TableS3,TableS3
Subject9Year2009_TableS3,TableS3
Subject9Year2010_TableS3,TableS3
Subject9Year2011_TableS3,TableS3
Subject9Year2012_TableS3,TableS3
Subject10Year2009_TableS3,TableS3
Subject10Year2010_TableS3,TableS3
Subject10Year2011_TableS3,TableS3
Subject10Year2012_TableS3,TableS3
Subject11Year2010_TableS3,TableS3
Subject11Year2011_TableS3,TableS3
Subject11Year2012_TableS3,TableS3
Subject12Year2007_TableS3,TableS3
Subject12Year2008_TableS3,TableS3
Subject12Year2009_TableS3,TableS3
Subject12Year2010_TableS3,TableS3
Subject12Year2011_TableS3,TableS3
Subject12Year2012_TableS3,TableS3
Subject13Year2007_TableS3,TableS3
Subject13Year2012_TableS3,TableS3
Subject14Year2007_TableS3,TableS3
Subject14Year2012_TableS3,TableS3
Subject15Year2007_TableS3,TableS3
Subject15Year2008_TableS3,TableS3
Subject15Year2009_TableS3,TableS3
Subject15Year2010_TableS3,TableS3
Subject15Year2011_TableS3,TableS3
Subject15Year2012_TableS3,TableS3
Subject16Year2007_TableS3,TableS3
Subject16Year2008_TableS3,TableS3
Subject16Year2009_TableS3,TableS3
Subject16Year2010_TableS3,TableS3
Subject16Year2011_TableS3,TableS3
Subject16Year2012_TableS3,TableS3
Subject17Year2007_TableS3,TableS3
Subject17Year2008_TableS3,TableS3
Subject17Year2009_TableS3,TableS3
Subject17Year2010_TableS3,TableS3
Subject17Year2011_TableS3,TableS3
Subject17Year2012_TableS3,TableS3
Subject18Year2007_TableS3,TableS3
Subject18Year2008_TableS3,TableS3
Subject18Year2009_TableS3,TableS3
Subject18Year2010_TableS3,TableS3
Subject18Year2012_TableS3,TableS3
Subject19Year2007_TableS3,TableS3
Subject19Year2008_TableS3,TableS3
Subject19Year2009_TableS3,TableS3
Subject19Year2010_TableS3,TableS3
Subject19Year2011_TableS3,TableS3
Subject19Year2012_TableS3,TableS3
Subject20Year2007_TableS3,TableS3
Subject20Year2008_TableS3,TableS3
Subject20Year2009_TableS3,TableS3
Subject20Year2010_TableS3,TableS3
Subject20Year2011_TableS3,TableS3
Subject20Year2012_TableS3,TableS3
Subject21Year2007_TableS3,TableS3
Subject21Year2008_TableS3,TableS3
Subject21Year2009_TableS3,TableS3
Subject21Year2010_TableS3,TableS3
Subject21Year2012_TableS3,TableS3
Subject22Year2009_TableS3,TableS3
Subject22Year2010_TableS3,TableS3
Subject22Year2011_TableS3,TableS3
Subject22Year2012_TableS3,TableS3
Subject23Year2007_TableS3,TableS3
Subject23Year2008_TableS3,TableS3
Subject23Year2009_TableS3,TableS3
Subject23Year2010_TableS3,TableS3
Subject23Year2011_TableS3,TableS3
Subject23Year2012_TableS3,TableS3
Subject24Year2007_TableS3,TableS3
Subject24Year2008_TableS3,TableS3
Subject24Year2009_TableS3,TableS3
Subject24Year2010_TableS3,TableS3
Subject24Year2011_TableS3,TableS3
Subject24Year2012_TableS3,TableS3
Subject25Year2007_TableS3,TableS3
Subject25Year2008_TableS3,TableS3
Subject25Year2009_TableS3,TableS3
Subject25Year2010_TableS3,TableS3
Subject25Year2011_TableS3,TableS3
Subject25Year2012_TableS3,TableS3
Subject26Year2007_TableS3,TableS3
Subject26Year2012_TableS3,TableS3
Subject27Year2007_TableS3,TableS3
Subject27Year2008_TableS3,TableS3
Subject27Year2009_TableS3,TableS3
Subject27Year2010_TableS3,TableS3
Subject27Year2011_TableS3,TableS3
Subject27Year2012_TableS3,TableS3
Subject28Year2007_TableS3,TableS3
Subject28Year2008_TableS3,TableS3
Subject28Year2009_TableS3,TableS3
Subject28Year2010_TableS3,TableS3
Subject28Year2011_TableS3,TableS3
Subject28Year2012_TableS3,TableS3
Subject29Year2007_TableS3,TableS3
Subject29Year2008_TableS3,TableS3
Subject29Year2009_TableS3,TableS3
Subject29Year2010_TableS3,TableS3
Subject29Year2011_TableS3,TableS3
Subject29Year2012_TableS3,TableS3
Subject30Year2007_TableS3,TableS3
Subject30Year2008_TableS3,TableS3
Subject30Year2009_TableS3,TableS3
Subject30Year2010_TableS3,TableS3
Subject30Year2011_TableS3,TableS3
Subject30Year2012_TableS3,TableS3
Subject31Year2007_TableS3,TableS3
Subject31Year2008_TableS3,TableS3
Subject31Year2009_TableS3,TableS3
Subject31Year2010_TableS3,TableS3
Subject31Year2011_TableS3,TableS3
Subject31Year2012_TableS3,TableS3
Subject32Year2007_TableS3,TableS3
Subject32Year2008_TableS3,TableS3
Subject32Year2009_TableS3,TableS3
Subject32Year2010_TableS3,TableS3
Subject32Year2011_TableS3,TableS3
Subject32Year2012_TableS3,TableS3
Subject33Year2007_TableS3,TableS3
Subject33Year2008_TableS3,TableS3
Subject33Year2009_TableS3,TableS3
Subject33Year2010_TableS3,TableS3
Subject33Year2011_TableS3,TableS3
Subject33Year2012_TableS3,TableS3
Subject34Year2007_TableS3,TableS3
Subject34Year2008_TableS3,TableS3
Subject34Year2009_TableS3,TableS3
Subject34Year2010_TableS3,TableS3
Subject34Year2011_TableS3,TableS3
Subject34Year2012_TableS3,TableS3
Subject35Year2007_TableS3,TableS3
Subject35Year2012_TableS3,TableS3
Subject36Year2007_TableS3,TableS3
Subject36Year2008_TableS3,TableS3
Subject36Year2009_TableS3,TableS3
Subject36Year2010_TableS3,TableS3
Subject36Year2011_TableS3,TableS3
Subject36Year2012_TableS3,TableS3
Subject37Year2007_TableS3,TableS3
Subject37Year2008_TableS3,TableS3
Subject37Year2009_TableS3,TableS3
Subject37Year2010_TableS3,TableS3
Subject37Year2011_TableS3,TableS3
Subject37Year2012_TableS3,TableS3
Subject38Year2007_TableS3,TableS3
Subject38Year2008_TableS3,TableS3
Subject38Year2009_TableS3,TableS3
Subject38Year2010_TableS3,TableS3
Subject38Year2011_TableS3,TableS3
Subject38Year2012_TableS3,TableS3
Subject39Year2007_TableS3,TableS3
Subject39Year2008_TableS3,TableS3
Subject39Year2009_TableS3,TableS3
Subject39Year2010_TableS3,TableS3
Subject39Year2011_TableS3,TableS3
Subject39Year2012_TableS3,TableS3
Subject40Year2007_TableS3,TableS3
Subject40Year2008_TableS3,TableS3
Subject40Year2009_TableS3,TableS3
Subject40Year2010_TableS3,TableS3
Subject40Year2011_TableS3,TableS3
Subject40Year2012_TableS3,TableS3
Subject41Year2007_TableS3,TableS3
Subject41Year2012_TableS3,TableS3
Subject42Year2007_TableS3,TableS3
Subject42Year2008_TableS3,TableS3
Subject42Year2009_TableS3,TableS3
Subject42Year2010_TableS3,TableS3
Subject42Year2011_TableS3,TableS3
Subject42Year2012_TableS3,TableS3
Subject43Year2007_TableS3,TableS3
Subject43Year2012_TableS3,TableS3
Subject44Year2007_TableS3,TableS3
Subject44Year2012_TableS3,TableS3
Subject45Year2007_TableS3,TableS3
Subject45Year2012_TableS3,TableS3
Subject46Year2007_TableS3,TableS3
Subject46Year2008_TableS3,TableS3
Subject46Year2009_TableS3,TableS3
Subject46Year2010_TableS3,TableS3
Subject46Year2011_TableS3,TableS3
Subject46Year2012_TableS3,TableS3
Subject47Year2007_TableS3,TableS3
Subject47Year2012_TableS3,TableS3
Subject48Year2007_TableS3,TableS3
Subject48Year2008_TableS3,TableS3
Subject48Year2009_TableS3,TableS3
Subject48Year2010_TableS3,TableS3
Subject48Year2011_TableS3,TableS3
Subject48Year2012_TableS3,TableS3
Subject49Year2007_TableS3,TableS3
Subject49Year2008_TableS3,TableS3
Subject49Year2009_TableS3,TableS3
Subject50Year2007_TableS3,TableS3
Subject50Year2008_TableS3,TableS3
Subject50Year2009_TableS3,TableS3
Subject50Year2010_TableS3,TableS3
Subject50Year2011_TableS3,TableS3
Subject50Year2012_TableS3,TableS3
Subject51Year2007_TableS3,TableS3
Subject51Year2009_TableS3,TableS3
Subject52Year2007_TableS3,TableS3
Subject52Year2008_TableS3,TableS3
Subject52Year2009_TableS3,TableS3
Subject53Year2007_TableS3,TableS3
Subject53Year2008_TableS3,TableS3
Subject53Year2009_TableS3,TableS3
Subject53Year2010_TableS3,TableS3
Subject53Year2011_TableS3,TableS3
Subject53Year2012_TableS3,TableS3
Subject54Year2007_TableS3,TableS3
Subject54Year2008_TableS3,TableS3
Subject54Year2009_TableS3,TableS3
Subject54Year2010_TableS3,TableS3
Subject54Year2011_TableS3,TableS3
Subject54Year2012_TableS3,TableS3
Subject55Year2007_TableS3,TableS3
Subject55Year2008_TableS3,TableS3
Subject55Year2009_TableS3,TableS3
Subject55Year2010_TableS3,TableS3
Subject55Year2011_TableS3,TableS3
Subject55Year2012_TableS3,TableS3
Subject56Year2007_TableS3,TableS3
Subject56Year2008_TableS3,TableS3
Subject56Year2009_TableS3,TableS3
Subject56Year2010_TableS3,TableS3
Subject56Year2011_TableS3,TableS3
Subject56Year2012_TableS3,TableS3
Subject57Year2007_TableS3,TableS3
Subject57Year2008_TableS3,TableS3
Subject57Year2009_TableS3,TableS3
Subject57Year2010_TableS3,TableS3
Subject57Year2011_TableS3,TableS3
Subject58Year2007_TableS3,TableS3
Subject58Year2008_TableS3,TableS3
Subject58Year2009_TableS3,TableS3
Subject58Year2010_TableS3,TableS3
Subject58Year2011_TableS3,TableS3
Subject58Year2012_TableS3,TableS3
Subject59Year2009_TableS3,TableS3
Subject59Year2010_TableS3,TableS3
Subject59Year2011_TableS3,TableS3
Subject59Year2012_TableS3,TableS3
Subject60Year2011_TableS3,TableS3
Subject60Year2012_TableS3,TableS3
Subject61Year2007_TableS3,TableS3
Subject61Year2008_TableS3,TableS3
Subject61Year2009_TableS3,TableS3
Subject61Year2010_TableS3,TableS3
Subject61Year2011_TableS3,TableS3
Subject61Year2012_TableS3,TableS3
Subject62Year2007_TableS3,TableS3
Subject62Year2008_TableS3,TableS3
Subject62Year2009_TableS3,TableS3
Subject62Year2011_TableS3,TableS3
Subject63Year2007_TableS3,TableS3
Subject63Year2008_TableS3,TableS3
Subject63Year2009_TableS3,TableS3
Subject63Year2011_TableS3,TableS3
Subject64Year2007_TableS3,TableS3
Subject64Year2008_TableS3,TableS3
Subject64Year2009_TableS3,TableS3
Subject64Year2010_TableS3,TableS3
Subject64Year2011_TableS3,TableS3
Subject64Year2012_TableS3,TableS3
Subject65Year2009_TableS3,TableS3
Subject65Year2010_TableS3,TableS3
Subject65Year2011_TableS3,TableS3
Subject65Year2012_TableS3,TableS3
Subject66Year2009_TableS3,TableS3
Subject66Year2010_TableS3,TableS3
Subject66Year2011_TableS3,TableS3
Subject66Year2012_TableS3,TableS3
Subject67Year2010_TableS3,TableS3
Subject67Year2011_TableS3,TableS3
Subject67Year2012_TableS3,TableS3
Subject68Year2010_TableS3,TableS3
Subject68Year2011_TableS3,TableS3
Subject68Year2012_TableS3,TableS3
Subject69Year2011_TableS3,TableS3
Subject258Age29_Pre_TableS5,TableS5
Subject548Age74_Pre_TableS5,TableS5
Subject61Age19_Pre_TableS5,TableS5
Subject147Age18_Pre_TableS5,TableS5
Subject150Age18_Pre_TableS5,TableS5
Subject115Age19_Pre_TableS5,TableS5
Subject563Age72_Pre_TableS5,TableS5
Subject289Age19_Pre_TableS5,TableS5
Subject562Age60_Pre_TableS5,TableS5
Subject173Age19_Pre_TableS5,TableS5
Subject552Age70_Pre_TableS5,TableS5
Subject82Age19_Pre_TableS5,TableS5
Subject555Age67_Pre_TableS5,TableS5
Subject230Age19_Pre_TableS5,TableS5
Subject546Age72_Pre_TableS5,TableS5
Subject541Age62_Pre_TableS5,TableS5
Subject564Age72_Pre_TableS5,TableS5
Subject567Age66_Pre_TableS5,TableS5
Subject560Age62_Pre_TableS5,TableS5
Subject559Age64_Pre_TableS5,TableS5
Subject545Age70_Pre_TableS5,TableS5
Subject265Age20_Pre_TableS5,TableS5
Subject282Age21_Pre_TableS5,TableS5
Subject245Age18_Pre_TableS5,TableS5
Subject547Age65_Pre_TableS5,TableS5
Subject568Age73_Pre_TableS5,TableS5
Subject536Age64_Pre_TableS5,TableS5
Subject302Age22_Pre_TableS5,TableS5
Subject259Age19_Pre_TableS5,TableS5
Subject556Age64_Pre_TableS5,TableS5
Subject544Age64_Pre_TableS5,TableS5
Subject203Age30_Pre_TableS5,TableS5
Subject553Age60_Pre_TableS5,TableS5
Subject557Age64_Pre_TableS5,TableS5
Subject538Age65_Pre_TableS5,TableS5
Subject112Age22_Pre_TableS5,TableS5
Subject554Age65_Pre_TableS5,TableS5
Subject533Age69_Pre_TableS5,TableS5
Subject86Age21_Pre_TableS5,TableS5
Subject543Age74_Pre_TableS5,TableS5
Subject534Age69_Pre_TableS5,TableS5
Subject106Age19_Pre_TableS5,TableS5
Subject228Age22_Pre_TableS5,TableS5
Subject56Age19_Pre_TableS5,TableS5
Subject542Age67_Pre_TableS5,TableS5
Subject257Age19_Pre_TableS5,TableS5
Subject551Age62_Pre_TableS5,TableS5
Subject189Age19_Pre_TableS5,TableS5
Subject532Age64_Pre_TableS5,TableS5
Subject51Age21_Pre_TableS5,TableS5
Subject561Age66_Pre_TableS5,TableS5
Subject535Age63_Pre_TableS5,TableS5
Subject156Age20_Pre_TableS5,TableS5
Subject537Age62_Pre_TableS5,TableS5
Subject129Age20_Pre_TableS5,TableS5
Subject540Age69_Pre_TableS5,TableS5
Subject204Age20_Pre_TableS5,TableS5
Subject570Age64_Pre_TableS5,TableS5
Subject172Age20_Pre_TableS5,TableS5
Subject193Age20_Pre_TableS5,TableS5
Subject565Age69_Pre_TableS5,TableS5
Subject158Age19_Pre_TableS5,TableS5
Subject531Age61_Pre_TableS5,TableS5
Subject136Age24_Pre_TableS5,TableS5
Subject222Age22_Pre_TableS5,TableS5
Subject143Age20_Pre_TableS5,TableS5
Subject566Age61_Pre_TableS5,TableS5
Subject178Age20_Pre_TableS5,TableS5
Subject549Age63_Pre_TableS5,TableS5
Subject287Age24_Pre_TableS5,TableS5
Subject216Age19_Pre_TableS5,TableS5
Subject550Age65_Pre_TableS5,TableS5
Subject304Age20_Pre_TableS5,TableS5
Subject558Age74_Pre_TableS5,TableS5
Subject78Age24_Pre_TableS5,TableS5
Subject179Age22_Pre_TableS5,TableS5
Subject99Age18_Pre_TableS5,TableS5
Subject218Age19_Pre_TableS5,TableS5
Subject510Age62_Pre_TableS5,TableS5
Subject519Age70_Pre_TableS5,TableS5
Subject539Age65_Pre_TableS5,TableS5
Subject300Age23_Pre_TableS5,TableS5
Subject522Age73_Pre_TableS5,TableS5
Subject297Age23_Pre_TableS5,TableS5
Subject30Age21_Pre_TableS5,TableS5
Subject518Age67_Pre_TableS5,TableS5
Subject514Age71_Pre_TableS5,TableS5
Subject503Age72_Pre_TableS5,TableS5
Subject504Age73_Pre_TableS5,TableS5
Subject20Age22_Pre_TableS5,TableS5
Subject16Age48_Pre_TableS5,TableS5
Subject528Age68_Pre_TableS5,TableS5
Subject509Age67_Pre_TableS5,TableS5
Subject508Age63_Pre_TableS5,TableS5
Subject520Age74_Pre_TableS5,TableS5
Subject517Age61_Pre_TableS5,TableS5
Subject526Age75_Pre_TableS5,TableS5
Subject525Age71_Pre_TableS5,TableS5
Subject516Age65_Pre_TableS5,TableS5
Subject511Age67_Pre_TableS5,TableS5
Subject523Age73_Pre_TableS5,TableS5
Subject529Age69_Pre_TableS5,TableS5
Subject3Age20_Pre_TableS5,TableS5
Subject524Age69_Pre_TableS5,TableS5
Subject505Age72_Pre_TableS5,TableS5
Subject501Age65_Pre_TableS5,TableS5
Subject258Age29_Post_TableS5,TableS5
Subject548Age74_Post_TableS5,TableS5
Subject61Age19_Post_TableS5,TableS5
Subject147Age18_Post_TableS5,TableS5
Subject150Age18_Post_TableS5,TableS5
Subject115Age19_Post_TableS5,TableS5
Subject563Age72_Post_TableS5,TableS5
Subject289Age19_Post_TableS5,TableS5
Subject562Age60_Post_TableS5,TableS5
Subject173Age19_Post_TableS5,TableS5
Subject552Age70_Post_TableS5,TableS5
Subject82Age19_Post_TableS5,TableS5
Subject555Age67_Post_TableS5,TableS5
Subject230Age19_Post_TableS5,TableS5
Subject546Age72_Post_TableS5,TableS5
Subject541Age62_Post_TableS5,TableS5
Subject564Age72_Post_TableS5,TableS5
Subject567Age66_Post_TableS5,TableS5
Subject560Age62_Post_TableS5,TableS5
Subject559Age64_Post_TableS5,TableS5
Subject545Age70_Post_TableS5,TableS5
Subject265Age20_Post_TableS5,TableS5
Subject282Age21_Post_TableS5,TableS5
Subject245Age18_Post_TableS5,TableS5
Subject547Age65_Post_TableS5,TableS5
Subject568Age73_Post_TableS5,TableS5
Subject536Age64_Post_TableS5,TableS5
Subject302Age22_Post_TableS5,TableS5
Subject259Age19_Post_TableS5,TableS5
Subject556Age64_Post_TableS5,TableS5
Subject544Age64_Post_TableS5,TableS5
Subject203Age30_Post_TableS5,TableS5
Subject553Age60_Post_TableS5,TableS5
Subject557Age64_Post_TableS5,TableS5
Subject538Age65_Post_TableS5,TableS5
Subject112Age22_Post_TableS5,TableS5
Subject554Age65_Post_TableS5,TableS5
Subject533Age69_Post_TableS5,TableS5
Subject86Age21_Post_TableS5,TableS5
Subject543Age74_Post_TableS5,TableS5
Subject534Age69_Post_TableS5,TableS5
Subject106Age19_Post_TableS5,TableS5
Subject228Age22_Post_TableS5,TableS5
Subject56Age19_Post_TableS5,TableS5
Subject542Age67_Post_TableS5,TableS5
Subject257Age19_Post_TableS5,TableS5
Subject551Age62_Post_TableS5,TableS5
Subject189Age19_Post_TableS5,TableS5
Subject532Age64_Post_TableS5,TableS5
Subject51Age21_Post_TableS5,TableS5
Subject561Age66_Post_TableS5,TableS5
Subject535Age63_Post_TableS5,TableS5
Subject156Age20_Post_TableS5,TableS5
Subject537Age62_Post_TableS5,TableS5
Subject129Age20_Post_TableS5,TableS5
Subject540Age69_Post_TableS5,TableS5
Subject204Age20_Post_TableS5,TableS5
Subject570Age64_Post_TableS5,TableS5
Subject172Age20_Post_TableS5,TableS5
Subject193Age20_Post_TableS5,TableS5
Subject565Age69_Post_TableS5,TableS5
Subject158Age19_Post_TableS5,TableS5
Subject531Age61_Post_TableS5,TableS5
Subject136Age24_Post_TableS5,TableS5
Subject222Age22_Post_TableS5,TableS5
Subject143Age20_Post_TableS5,TableS5
Subject566Age61_Post_TableS5,TableS5
Subject178Age20_Post_TableS5,TableS5
Subject549Age63_Post_TableS5,TableS5
Subject287Age24_Post_TableS5,TableS5
Subject216Age19_Post_TableS5,TableS5
Subject550Age65_Post_TableS5,TableS5
Subject304Age20_Post_TableS5,TableS5
Subject558Age74_Post_TableS5,TableS5
Subject78Age24_Post_TableS5,TableS5
Subject179Age22_Post_TableS5,TableS5
Subject99Age18_Post_TableS5,TableS5
Subject218Age19_Post_TableS5,TableS5
Subject510Age62_Post_TableS5,TableS5
Subject519Age70_Post_TableS5,TableS5
Subject539Age65_Post_TableS5,TableS5
Subject300Age23_Post_TableS5,TableS5
Subject522Age73_Post_TableS5,TableS5
Subject297Age23_Post_TableS5,TableS5
Subject30Age21_Post_TableS5,TableS5
Subject518Age67_Post_TableS5,TableS5
Subject514Age71_Post_TableS5,TableS5
Subject503Age72_Post_TableS5,TableS5
Subject504Age73_Post_TableS5,TableS5
Subject20Age22_Post_TableS5,TableS5
Subject16Age48_Post_TableS5,TableS5
Subject528Age68_Post_TableS5,TableS5
Subject509Age67_Post_TableS5,TableS5
Subject508Age63_Post_TableS5,TableS5
Subject520Age74_Post_TableS5,TableS5
Subject517Age61_Post_TableS5,TableS5
Subject526Age75_Post_TableS5,TableS5
Subject525Age71_Post_TableS5,TableS5
Subject516Age65_Post_TableS5,TableS5
Subject511Age67_Post_TableS5,TableS5
Subject523Age73_Post_TableS5,TableS5
Subject529Age69_Post_TableS5,TableS5
Subject3Age20_Post_TableS5,TableS5
Subject524Age69_Post_TableS5,TableS5
Subject505Age72_Post_TableS5,TableS5
Subject501Age65_Post_TableS5,TableS5
Subject71Age18_Pre_TableS6,TableS6
Subject77Age19_Pre_TableS6,TableS6
Subject88Age19_Pre_TableS6,TableS6
Subject90Age19_Pre_TableS6,TableS6
Subject99Age27_Pre_TableS6,TableS6
Subject117Age19_Pre_TableS6,TableS6
Subject147Age19_Pre_TableS6,TableS6
Subject178Age22_Pre_TableS6,TableS6
Subject181Age18_Pre_TableS6,TableS6
Subject8Age27_Pre_TableS6,TableS6
Subject24Age22_Pre_TableS6,TableS6
Subject25Age19_Pre_TableS6,TableS6
Subject29Age24_Pre_TableS6,TableS6
Subject30Age21_Pre_TableS6,TableS6
Subject40Age21_Pre_TableS6,TableS6
Subject50Age49_Pre_TableS6,TableS6
Subject53Age22_Pre_TableS6,TableS6
Subject60Age26_Pre_TableS6,TableS6
Subject64Age21_Pre_TableS6,TableS6
Subject67Age26_Pre_TableS6,TableS6
Subject69Age20_Pre_TableS6,TableS6
Subject76Age18_Pre_TableS6,TableS6
Subject81Age24_Pre_TableS6,TableS6
Subject83Age45_Pre_TableS6,TableS6
Subject86Age18_Pre_TableS6,TableS6
Subject93Age19_Pre_TableS6,TableS6
Subject116Age32_Pre_TableS6,TableS6
Subject128Age28_Pre_TableS6,TableS6
Subject135Age21_Pre_TableS6,TableS6
Subject137Age21_Pre_TableS6,TableS6
Subject138Age19_Pre_TableS6,TableS6
Subject145Age20_Pre_TableS6,TableS6
Subject157Age19_Pre_TableS6,TableS6
Subject161Age31_Pre_TableS6,TableS6
Subject163Age33_Pre_TableS6,TableS6
Subject166Age46_Pre_TableS6,TableS6
Subject180Age20_Pre_TableS6,TableS6
Subject186Age28_Pre_TableS6,TableS6
Subject189Age47_Pre_TableS6,TableS6
Subject195Age20_Pre_TableS6,TableS6
Subject199Age26_Pre_TableS6,TableS6
Subject106Age27_Pre_TableS6,TableS6
Subject123Age18_Pre_TableS6,TableS6
Subject642Age64_Pre_TableS6,TableS6
Subject646Age73_Pre_TableS6,TableS6
Subject652Age75_Pre_TableS6,TableS6
Subject612Age67_Pre_TableS6,TableS6
Subject615Age72_Pre_TableS6,TableS6
Subject616Age73_Pre_TableS6,TableS6
Subject618Age70_Pre_TableS6,TableS6
Subject619Age75_Pre_TableS6,TableS6
Subject620Age74_Pre_TableS6,TableS6
Subject624Age63_Pre_TableS6,TableS6
Subject626Age75_Pre_TableS6,TableS6
Subject628Age72_Pre_TableS6,TableS6
Subject629Age73_Pre_TableS6,TableS6
Subject630Age74_Pre_TableS6,TableS6
Subject632Age62_Pre_TableS6,TableS6
Subject634Age69_Pre_TableS6,TableS6
Subject635Age68_Pre_TableS6,TableS6
Subject636Age69_Pre_TableS6,TableS6
Subject640Age66_Pre_TableS6,TableS6
Subject644Age70_Pre_TableS6,TableS6
Subject648Age75_Pre_TableS6,TableS6
Subject649Age71_Pre_TableS6,TableS6
Subject650Age70_Pre_TableS6,TableS6
Subject651Age72_Pre_TableS6,TableS6
Subject654Age68_Pre_TableS6,TableS6
Subject655Age71_Pre_TableS6,TableS6
Subject657Age73_Pre_TableS6,TableS6
Subject658Age70_Pre_TableS6,TableS6
Subject660Age68_Pre_TableS6,TableS6
Subject661Age71_Pre_TableS6,TableS6
Subject662Age70_Pre_TableS6,TableS6
Subject664Age75_Pre_TableS6,TableS6
Subject668Age67_Pre_TableS6,TableS6
Subject670Age64_Pre_TableS6,TableS6
Subject671Age75_Pre_TableS6,TableS6
Subject674Age70_Pre_TableS6,TableS6
Subject677Age65_Pre_TableS6,TableS6
Subject645Age69_Pre_TableS6,TableS6
Subject101Age23_Pre_TableS6,TableS6
Subject119Age23_Pre_TableS6,TableS6
Subject125Age20_Pre_TableS6,TableS6
Subject143Age20_Pre_TableS6,TableS6
Subject168Age32_Pre_TableS6,TableS6
Subject174Age19_Pre_TableS6,TableS6
Subject153Age18_Pre_TableS6,TableS6
Subject156Age19_Pre_TableS6,TableS6
Subject169Age18_Pre_TableS6,TableS6
Subject159Age39_Pre_TableS6,TableS6
Subject631Age66_Pre_TableS6,TableS6
Subject665Age66_Pre_TableS6,TableS6
Subject669Age64_Pre_TableS6,TableS6
Subject614Age72_Pre_TableS6,TableS6
Subject676Age73_Pre_TableS6,TableS6
Subject679Age63_Pre_TableS6,TableS6
Subject188Age19_Pre_TableS6,TableS6
Subject613Age74_Pre_TableS6,TableS6
Subject633Age70_Pre_TableS6,TableS6
Subject663Age72_Pre_TableS6,TableS6
Subject121Age26_Pre_TableS6,TableS6
Subject639Age68_Pre_TableS6,TableS6
Subject641Age61_Pre_TableS6,TableS6
Subject647Age70_Pre_TableS6,TableS6
Subject656Age70_Pre_TableS6,TableS6
Subject611Age72_Pre_TableS6,TableS6
Subject627Age68_Pre_TableS6,TableS6
Subject144Age18_Pre_TableS6,TableS6
Subject675Age66_Pre_TableS6,TableS6
Subject680Age65_Pre_TableS6,TableS6
Subject107Age40_Pre_TableS6,TableS6
Subject130Age20_Pre_TableS6,TableS6
Subject625Age67_Pre_TableS6,TableS6
Subject112Age21_Pre_TableS6,TableS6
Subject673Age74_Pre_TableS6,TableS6
Subject150Age19_Pre_TableS6,TableS6
Subject623Age73_Pre_TableS6,TableS6
Subject667Age68_Pre_TableS6,TableS6
Subject136Age21_Pre_TableS6,TableS6
Subject622Age71_Pre_TableS6,TableS6
Subject653Age70_Pre_TableS6,TableS6
Subject659Age62_Pre_TableS6,TableS6
Subject637Age66_Pre_TableS6,TableS6
Subject672Age73_Pre_TableS6,TableS6
Subject621Age74_Pre_TableS6,TableS6
Subject104Age26_Pre_TableS6,TableS6
Subject109Age21_Pre_TableS6,TableS6
Subject71Age18_Post_TableS6,TableS6
Subject77Age19_Post_TableS6,TableS6
Subject88Age19_Post_TableS6,TableS6
Subject90Age19_Post_TableS6,TableS6
Subject99Age27_Post_TableS6,TableS6
Subject117Age19_Post_TableS6,TableS6
Subject147Age19_Post_TableS6,TableS6
Subject178Age22_Post_TableS6,TableS6
Subject181Age18_Post_TableS6,TableS6
Subject8Age27_Post_TableS6,TableS6
Subject24Age22_Post_TableS6,TableS6
Subject25Age19_Post_TableS6,TableS6
Subject29Age24_Post_TableS6,TableS6
Subject30Age21_Post_TableS6,TableS6
Subject40Age21_Post_TableS6,TableS6
Subject50Age49_Post_TableS6,TableS6
Subject53Age22_Post_TableS6,TableS6
Subject60Age26_Post_TableS6,TableS6
Subject64Age21_Post_TableS6,TableS6
Subject67Age26_Post_TableS6,TableS6
Subject69Age20_Post_TableS6,TableS6
Subject76Age18_Post_TableS6,TableS6
Subject81Age24_Post_TableS6,TableS6
Subject83Age45_Post_TableS6,TableS6
Subject86Age18_Post_TableS6,TableS6
Subject93Age19_Post_TableS6,TableS6
Subject116Age32_Post_TableS6,TableS6
Subject128Age28_Post_TableS6,TableS6
Subject135Age21_Post_TableS6,TableS6
Subject137Age21_Post_TableS6,TableS6
Subject138Age19_Post_TableS6,TableS6
Subject145Age20_Post_TableS6,TableS6
Subject157Age19_Post_TableS6,TableS6
Subject161Age31_Post_TableS6,TableS6
Subject163Age33_Post_TableS6,TableS6
Subject166Age46_Post_TableS6,TableS6
Subject180Age20_Post_TableS6,TableS6
Subject186Age28_Post_TableS6,TableS6
Subject189Age47_Post_TableS6,TableS6
Subject195Age20_Post_TableS6,TableS6
Subject199Age26_Post_TableS6,TableS6
Subject106Age27_Post_TableS6,TableS6
Subject123Age18_Post_TableS6,TableS6
Subject642Age64_Post_TableS6,TableS6
Subject646Age73_Post_TableS6,TableS6
Subject652Age75_Post_TableS6,TableS6
Subject612Age67_Post_TableS6,TableS6
Subject615Age72_Post_TableS6,TableS6
Subject616Age73_Post_TableS6,TableS6
Subject618Age70_Post_TableS6,TableS6
Subject619Age75_Post_TableS6,TableS6
Subject620Age74_Post_TableS6,TableS6
Subject624Age63_Post_TableS6,TableS6
Subject626Age75_Post_TableS6,TableS6
Subject628Age72_Post_TableS6,TableS6
Subject629Age73_Post_TableS6,TableS6
Subject630Age74_Post_TableS6,TableS6
Subject632Age62_Post_TableS6,TableS6
Subject634Age69_Post_TableS6,TableS6
Subject635Age68_Post_TableS6,TableS6
Subject636Age69_Post_TableS6,TableS6
Subject640Age66_Post_TableS6,TableS6
Subject644Age70_Post_TableS6,TableS6
Subject648Age75_Post_TableS6,TableS6
Subject649Age71_Post_TableS6,TableS6
Subject650Age70_Post_TableS6,TableS6
Subject651Age72_Post_TableS6,TableS6
Subject654Age68_Post_TableS6,TableS6
Subject655Age71_Post_TableS6,TableS6
Subject657Age73_Post_TableS6,TableS6
Subject658Age70_Post_TableS6,TableS6
Subject660Age68_Post_TableS6,TableS6
Subject661Age71_Post_TableS6,TableS6
Subject662Age70_Post_TableS6,TableS6
Subject664Age75_Post_TableS6,TableS6
Subject668Age67_Post_TableS6,TableS6
Subject670Age64_Post_TableS6,TableS6
Subject671Age75_Post_TableS6,TableS6
Subject674Age70_Post_TableS6,TableS6
Subject677Age65_Post_TableS6,TableS6
Subject645Age69_Post_TableS6,TableS6
Subject101Age23_Post_TableS6,TableS6
Subject119Age23_Post_TableS6,TableS6
Subject125Age20_Post_TableS6,TableS6
Subject143Age20_Post_TableS6,TableS6
Subject168Age32_Post_TableS6,TableS6
Subject174Age19_Post_TableS6,TableS6
Subject153Age18_Post_TableS6,TableS6
Subject156Age19_Post_TableS6,TableS6
Subject169Age18_Post_TableS6,TableS6
Subject159Age39_Post_TableS6,TableS6
Subject631Age66_Post_TableS6,TableS6
Subject665Age66_Post_TableS6,TableS6
Subject669Age64_Post_TableS6,TableS6
Subject614Age72_Post_TableS6,TableS6
Subject676Age73_Post_TableS6,TableS6
Subject679Age63_Post_TableS6,TableS6
Subject188Age19_Post_TableS6,TableS6
Subject613Age74_Post_TableS6,TableS6
Subject633Age70_Post_TableS6,TableS6
Subject663Age72_Post_TableS6,TableS6
Subject121Age26_Post_TableS6,TableS6
Subject639Age68_Post_TableS6,TableS6
Subject641Age61_Post_TableS6,TableS6
Subject647Age70_Post_TableS6,TableS6
Subject656Age70_Post_TableS6,TableS6
Subject611Age72_Post_TableS6,TableS6
Subject627Age68_Post_TableS6,TableS6
Subject144Age18_Post_TableS6,TableS6
Subject675Age66_Post_TableS6,TableS6
Subject680Age65_Post_TableS6,TableS6
Subject107Age40_Post_TableS6,TableS6
Subject130Age20_Post_TableS6,TableS6
Subject625Age67_Post_TableS6,TableS6
Subject112Age21_Post_TableS6,TableS6
Subject673Age74_Post_TableS6,TableS6
Subject150Age19_Post_TableS6,TableS6
Subject623Age73_Post_TableS6,TableS6
Subject667Age68_Post_TableS6,TableS6
Subject136Age21_Post_TableS6,TableS6
Subject622Age71_Post_TableS6,TableS6
Subject653Age70_Post_TableS6,TableS6
Subject659Age62_Post_TableS6,TableS6
Subject637Age66_Post_TableS6,TableS6
Subject672Age73_Post_TableS6,TableS6
Subject621Age74_Post_TableS6,TableS6
Subject104Age26_Post_TableS6,TableS6
Subject109Age21_Post_TableS6,TableS6
SubjectA028_Pre_TableS13,TableS13
SubjectA004_Pre_TableS13,TableS13
SubjectB029_Pre_TableS13,TableS13
SubjectB030_Pre_TableS13,TableS13
SubjectB007_Pre_TableS13,TableS13
SubjectB025_Pre_TableS13,TableS13
SubjectB001_Pre_TableS13,TableS13
SubjectA024_Pre_TableS13,TableS13
SubjectA017_Pre_TableS13,TableS13
SubjectA032_Pre_TableS13,TableS13
SubjectB020_Pre_TableS13,TableS13
SubjectA026_Pre_TableS13,TableS13
SubjectB015_Pre_TableS13,TableS13
SubjectB003_Pre_TableS13,TableS13
SubjectA001_Pre_TableS13,TableS13
SubjectB021_Pre_TableS13,TableS13
SubjectA041_Pre_TableS13,TableS13
SubjectA045_Pre_TableS13,TableS13
SubjectA040_Pre_TableS13,TableS13
SubjectA020_Pre_TableS13,TableS13
SubjectA006_Pre_TableS13,TableS13
SubjectA010_Pre_TableS13,TableS13
SubjectB031_Pre_TableS13,TableS13
SubjectA038_Pre_TableS13,TableS13
SubjectB041_Pre_TableS13,TableS13
SubjectB004_Pre_TableS13,TableS13
SubjectB039_Pre_TableS13,TableS13
SubjectA018_Pre_TableS13,TableS13
SubjectB026_Pre_TableS13,TableS13
SubjectB002_Pre_TableS13,TableS13
SubjectB005_Pre_TableS13,TableS13
SubjectB018_Pre_TableS13,TableS13
SubjectA034_Pre_TableS13,TableS13
SubjectA012_Pre_TableS13,TableS13
SubjectA039_Pre_TableS13,TableS13
SubjectB037_Pre_TableS13,TableS13
SubjectA008_Pre_TableS13,TableS13
SubjectA005_Pre_TableS13,TableS13
SubjectB012_Pre_TableS13,TableS13
SubjectA048_Pre_TableS13,TableS13
SubjectB027_Pre_TableS13,TableS13
SubjectB042_Pre_TableS13,TableS13
SubjectB014_Pre_TableS13,TableS13
SubjectB017_Pre_TableS13,TableS13
SubjectA033_Pre_TableS13,TableS13
SubjectA050_Pre_TableS13,TableS13
SubjectB019_Pre_TableS13,TableS13
SubjectB006_Pre_TableS13,TableS13
SubjectA036_Pre_TableS13,TableS13
SubjectA025_Pre_TableS13,TableS13
SubjectA016_Pre_TableS13,TableS13
SubjectB035_Pre_TableS13,TableS13
SubjectA003_Pre_TableS13,TableS13
SubjectB011_Pre_TableS13,TableS13
SubjectB010_Pre_TableS13,TableS13
SubjectA049_Pre_TableS13,TableS13
SubjectA009_Pre_TableS13,TableS13
SubjectA022_Pre_TableS13,TableS13
SubjectB036_Pre_TableS13,TableS13
SubjectA044_Pre_TableS13,TableS13
SubjectA002_Pre_TableS13,TableS13
SubjectB024_Pre_TableS13,TableS13
SubjectA043_Pre_TableS13,TableS13
SubjectA011_Pre_TableS13,TableS13
SubjectA047_Pre_TableS13,TableS13
SubjectB034_Pre_TableS13,TableS13
SubjectB032_Pre_TableS13,TableS13
SubjectA013_Pre_TableS13,TableS13
SubjectB040_Pre_TableS13,TableS13
SubjectA014_Pre_TableS13,TableS13
SubjectB033_Pre_TableS13,TableS13
SubjectB038_Pre_TableS13,TableS13
SubjectA015_Pre_TableS13,TableS13
SubjectA029_Pre_TableS13,TableS13
SubjectB016_Pre_TableS13,TableS13
SubjectA007_Pre_TableS13,TableS13
SubjectA035_Pre_TableS13,TableS13
SubjectA030_Pre_TableS13,TableS13
SubjectB028_Pre_TableS13,TableS13
SubjectA021_Pre_TableS13,TableS13
SubjectA028_Post_TableS13,TableS13
SubjectA004_Post_TableS13,TableS13
SubjectB029_Post_TableS13,TableS13
SubjectB030_Post_TableS13,TableS13
SubjectB007_Post_TableS13,TableS13
SubjectB025_Post_TableS13,TableS13
SubjectB001_Post_TableS13,TableS13
SubjectA024_Post_TableS13,TableS13
SubjectA017_Post_TableS13,TableS13
SubjectA032_Post_TableS13,TableS13
SubjectB020_Post_TableS13,TableS13
SubjectA026_Post_TableS13,TableS13
SubjectB015_Post_TableS13,TableS13
SubjectB003_Post_TableS13,TableS13
SubjectA001_Post_TableS13,TableS13
SubjectB021_Post_TableS13,TableS13
SubjectA041_Post_TableS13,TableS13
SubjectA045_Post_TableS13,TableS13
SubjectA040_Post_TableS13,TableS13
SubjectA020_Post_TableS13,TableS13
SubjectA006_Post_TableS13,TableS13
SubjectA010_Post_TableS13,TableS13
SubjectB031_Post_TableS13,TableS13
SubjectA038_Post_TableS13,TableS13
SubjectB041_Post_TableS13,TableS13
SubjectB004_Post_TableS13,TableS13
SubjectB039_Post_TableS13,TableS13
SubjectA018_Post_TableS13,TableS13
SubjectB026_Post_TableS13,TableS13
SubjectB002_Post_TableS13,TableS13
SubjectB005_Post_TableS13,TableS13
SubjectB018_Post_TableS13,TableS13
SubjectA034_Post_TableS13,TableS13
SubjectA012_Post_TableS13,TableS13
SubjectA039_Post_TableS13,TableS13
SubjectB037_Post_TableS13,TableS13
SubjectA008_Post_TableS13,TableS13
SubjectA005_Post_TableS13,TableS13
SubjectB012_Post_TableS13,TableS13
SubjectA048_Post_TableS13,TableS13
SubjectB027_Post_TableS13,TableS13
SubjectB042_Post_TableS13,TableS13
SubjectB014_Post_TableS13,TableS13
SubjectB017_Post_TableS13,TableS13
SubjectA033_Post_TableS13,TableS13
SubjectA050_Post_TableS13,TableS13
SubjectB019_Post_TableS13,TableS13
SubjectB006_Post_TableS13,TableS13
SubjectA036_Post_TableS13,TableS13
SubjectA025_Post_TableS13,TableS13
SubjectA016_Post_TableS13,TableS13
SubjectB035_Post_TableS13,TableS13
SubjectA003_Post_TableS13,TableS13
SubjectB011_Post_TableS13,TableS13
SubjectB010_Post_TableS13,TableS13
SubjectA049_Post_TableS13,TableS13
SubjectA009_Post_TableS13,TableS13
SubjectA022_Post_TableS13,TableS13
SubjectB036_Post_TableS13,TableS13
SubjectA044_Post_TableS13,TableS13
SubjectA002_Post_TableS13,TableS13
SubjectB024_Post_TableS13,TableS13
SubjectA043_Post_TableS13,TableS13
SubjectA011_Post_TableS13,TableS13
SubjectA047_Post_TableS13,TableS13
SubjectB034_Post_TableS13,TableS13
SubjectB032_Post_TableS13,TableS13
SubjectA013_Post_TableS13,TableS13
SubjectB040_Post_TableS13,TableS13
SubjectA014_Post_TableS13,TableS13
SubjectB033_Post_TableS13,TableS13
SubjectB038_Post_TableS13,TableS13
SubjectA015_Post_TableS13,TableS13
SubjectA029_Post_TableS13,TableS13
SubjectB016_Post_TableS13,TableS13
SubjectA007_Post_TableS13,TableS13
SubjectA035_Post_TableS13,TableS13
SubjectA030_Post_TableS13,TableS13
SubjectB028_Post_TableS13,TableS13
SubjectA021_Post_TableS13,TableS13
SubjectB007_Pre_TableS14,TableS14
SubjectB024_Pre_TableS14,TableS14
SubjectA003_Pre_TableS14,TableS14
SubjectB004_Pre_TableS14,TableS14
SubjectB028_Pre_TableS14,TableS14
SubjectB034_Pre_TableS14,TableS14
SubjectA041_Pre_TableS14,TableS14
SubjectA049_Pre_TableS14,TableS14
SubjectB032_Pre_TableS14,TableS14
SubjectA031_Pre_TableS14,TableS14
SubjectA037_Pre_TableS14,TableS14
SubjectA029_Pre_TableS14,TableS14
SubjectA024_Pre_TableS14,TableS14
SubjectA048_Pre_TableS14,TableS14
SubjectA030_Pre_TableS14,TableS14
SubjectA032_Pre_TableS14,TableS14
SubjectB017_Pre_TableS14,TableS14
SubjectB012_Pre_TableS14,TableS14
SubjectA042_Pre_TableS14,TableS14
SubjectA045_Pre_TableS14,TableS14
SubjectB005_Pre_TableS14,TableS14
SubjectA050_Pre_TableS14,TableS14
SubjectA025_Pre_TableS14,TableS14
SubjectA009_Pre_TableS14,TableS14
SubjectA034_Pre_TableS14,TableS14
SubjectB001_Pre_TableS14,TableS14
SubjectB041_Pre_TableS14,TableS14
SubjectB030_Pre_TableS14,TableS14
SubjectA018_Pre_TableS14,TableS14
SubjectB022_Pre_TableS14,TableS14
SubjectA015_Pre_TableS14,TableS14
SubjectB021_Pre_TableS14,TableS14
SubjectA043_Pre_TableS14,TableS14
SubjectB002_Pre_TableS14,TableS14
SubjectA036_Pre_TableS14,TableS14
SubjectA033_Pre_TableS14,TableS14
SubjectA007_Pre_TableS14,TableS14
SubjectA040_Pre_TableS14,TableS14
SubjectA008_Pre_TableS14,TableS14
SubjectB013_Pre_TableS14,TableS14
SubjectA026_Pre_TableS14,TableS14
SubjectA006_Pre_TableS14,TableS14
SubjectB010_Pre_TableS14,TableS14
SubjectB018_Pre_TableS14,TableS14
SubjectB036_Pre_TableS14,TableS14
SubjectB003_Pre_TableS14,TableS14
SubjectA010_Pre_TableS14,TableS14
SubjectA011_Pre_TableS14,TableS14
SubjectB016_Pre_TableS14,TableS14
SubjectA017_Pre_TableS14,TableS14
SubjectB015_Pre_TableS14,TableS14
SubjectA021_Pre_TableS14,TableS14
SubjectB011_Pre_TableS14,TableS14
SubjectA023_Pre_TableS14,TableS14
SubjectA044_Pre_TableS14,TableS14
SubjectA046_Pre_TableS14,TableS14
SubjectA022_Pre_TableS14,TableS14
SubjectB019_Pre_TableS14,TableS14
SubjectA001_Pre_TableS14,TableS14
SubjectA014_Pre_TableS14,TableS14
SubjectB035_Pre_TableS14,TableS14
SubjectB020_Pre_TableS14,TableS14
SubjectB031_Pre_TableS14,TableS14
SubjectA047_Pre_TableS14,TableS14
SubjectB038_Pre_TableS14,TableS14
SubjectB033_Pre_TableS14,TableS14
SubjectB009_Pre_TableS14,TableS14
SubjectA005_Pre_TableS14,TableS14
SubjectB037_Pre_TableS14,TableS14
SubjectA002_Pre_TableS14,TableS14
SubjectA013_Pre_TableS14,TableS14
SubjectB027_Pre_TableS14,TableS14
SubjectB006_Pre_TableS14,TableS14
SubjectA016_Pre_TableS14,TableS14
SubjectA012_Pre_TableS14,TableS14
SubjectA028_Pre_TableS14,TableS14
SubjectA020_Pre_TableS14,TableS14
SubjectB025_Pre_TableS14,TableS14
SubjectB040_Pre_TableS14,TableS14
SubjectB039_Pre_TableS14,TableS14
SubjectB007_Post_TableS14,TableS14
SubjectB024_Post_TableS14,TableS14
SubjectA003_Post_TableS14,TableS14
SubjectB004_Post_TableS14,TableS14
SubjectB028_Post_TableS14,TableS14
SubjectB034_Post_TableS14,TableS14
SubjectA041_Post_TableS14,TableS14
SubjectA049_Post_TableS14,TableS14
SubjectB032_Post_TableS14,TableS14
SubjectA031_Post_TableS14,TableS14
SubjectA037_Post_TableS14,TableS14
SubjectA029_Post_TableS14,TableS14
SubjectA024_Post_TableS14,TableS14
SubjectA048_Post_TableS14,TableS14
SubjectA030_Post_TableS14,TableS14
SubjectA032_Post_TableS14,TableS14
SubjectB017_Post_TableS14,TableS14
SubjectB012_Post_TableS14,TableS14
SubjectA042_Post_TableS14,TableS14
SubjectA045_Post_TableS14,TableS14
SubjectB005_Post_TableS14,TableS14
SubjectA050_Post_TableS14,TableS14
SubjectA025_Post_TableS14,TableS14
SubjectA009_Post_TableS14,TableS14
SubjectA034_Post_TableS14,TableS14
SubjectB001_Post_TableS14,TableS14
SubjectB041_Post_TableS14,TableS14
SubjectB030_Post_TableS14,TableS14
SubjectA018_Post_TableS14,TableS14
SubjectB022_Post_TableS14,TableS14
SubjectA015_Post_TableS14,TableS14
SubjectB021_Post_TableS14,TableS14
SubjectA043_Post_TableS14,TableS14
SubjectB002_Post_TableS14,TableS14
SubjectA036_Post_TableS14,TableS14
SubjectA033_Post_TableS14,TableS14
SubjectA007_Post_TableS14,TableS14
SubjectA040_Post_TableS14,TableS14
SubjectA008_Post_TableS14,TableS14
SubjectB013_Post_TableS14,TableS14
SubjectA026_Post_TableS14,TableS14
SubjectA006_Post_TableS14,TableS14
SubjectB010_Post_TableS14,TableS14
SubjectB018_Post_TableS14,TableS14
SubjectB036_Post_TableS14,TableS14
SubjectB003_Post_TableS14,TableS14
SubjectA010_Post_TableS14,TableS14
SubjectA011_Post_TableS14,TableS14
SubjectB016_Post_TableS14,TableS14
SubjectA017_Post_TableS14,TableS14
SubjectB015_Post_TableS14,TableS14
SubjectA021_Post_TableS14,TableS14
SubjectB011_Post_TableS14,TableS14
SubjectA023_Post_TableS14,TableS14
SubjectA044_Post_TableS14,TableS14
SubjectA046_Post_TableS14,TableS14
SubjectA022_Post_TableS14,TableS14
SubjectB019_Post_TableS14,TableS14
SubjectA001_Post_TableS14,TableS14
SubjectA014_Post_TableS14,TableS14
SubjectB035_Post_TableS14,TableS14
SubjectB020_Post_TableS14,TableS14
SubjectB031_Post_TableS14,TableS14
SubjectA047_Post_TableS14,TableS14
SubjectB038_Post_TableS14,TableS14
SubjectB033_Post_TableS14,TableS14
SubjectB009_Post_TableS14,TableS14
SubjectA005_Post_TableS14,TableS14
SubjectB037_Post_TableS14,TableS14
SubjectA002_Post_TableS14,TableS14
SubjectA013_Post_TableS14,TableS14
SubjectB027_Post_TableS14,TableS14
SubjectB006_Post_TableS14,TableS14
SubjectA016_Post_TableS14,TableS14
SubjectA012_Post_TableS14,TableS14
SubjectA028_Post_TableS14,TableS14
SubjectA020_Post_TableS14,TableS14
SubjectB025_Post_TableS14,TableS14
SubjectB040_Post_TableS14,TableS14
SubjectB039_Post_TableS14,TableS14
